episode_index,episode_length
0,9
1,12
2,10
3,19
4,38
5,26
6,16
7,26
8,28
9,22
10,38
11,25
12,15
13,13
14,35
15,14
16,18
17,15
18,38
19,39
20,25
21,31
22,33
23,37
24,16
25,14
26,34
27,27
28,34
29,30
30,40
31,36
32,18
33,28
34,56
35,81
36,72
37,49
38,55
39,110
40,76
41,84
42,73
43,63
44,91
45,106
46,118
47,102
48,118
49,106
50,118
51,91
52,138
53,99
54,149
55,103
56,68
57,106
58,35
59,90
60,49
61,117
62,132
63,76
64,102
65,115
66,63
67,120
68,99
69,102
70,82
71,98
72,22
73,84
74,101
75,105
76,111
77,114
78,108
79,91
80,128
81,134
82,131
83,113
84,130
85,122
86,79
87,128
88,120
89,140
90,98
91,129
92,70
93,105
94,120
95,68
96,129
97,128
98,134
99,119
